Model Type,Size (MB),Accuracy
Float,0.08069610595703125,0.9610999822616577
Quantized,0.02361297607421875,0.9616000056266785
